
INSERT INTO kingdomstroops (id) VALUES (-3);
INSERT INTO troopclasslevel (level, troopclass, id, kingdomid) VALUES (0, null, -3, -3);

INSERT INTO troopclasslevel_trooplevel (trooplevel, trooplevel_key, troopclasslevel_id) VALUES (1, 4, -3);
INSERT INTO troopclasslevel_trooplevel (trooplevel, trooplevel_key, troopclasslevel_id) VALUES (1, 2, -3);
INSERT INTO troopclasslevel_trooplevel (trooplevel, trooplevel_key, troopclasslevel_id) VALUES (1, 6, -3);
INSERT INTO troopclasslevel_trooplevel (trooplevel, trooplevel_key, troopclasslevel_id) VALUES (1, 3, -3);
INSERT INTO troopclasslevel_trooplevel (trooplevel, trooplevel_key, troopclasslevel_id) VALUES (1, 1, -3);
INSERT INTO troopclasslevel_trooplevel (trooplevel, trooplevel_key, troopclasslevel_id) VALUES (1, 0, -3);
INSERT INTO troopclasslevel_trooplevel (trooplevel, trooplevel_key, troopclasslevel_id) VALUES (1, 5, -3);


INSERT INTO troop (atwar, level, troopclass, trooptype,  abstract) VALUES (false, 1, 2, 0,  'calvary');
INSERT INTO troop (atwar, level, troopclass, trooptype,  abstract) VALUES (false, 1, 2, 0,  'calvary');
INSERT INTO troop (atwar, level, troopclass, trooptype,  abstract) VALUES (false, 1, 2, 0,  'calvary');
INSERT INTO troop (atwar, level, troopclass, trooptype,  abstract) VALUES (false, 1, 0, 0, 'infantrysword');
INSERT INTO troop (atwar, level, troopclass, trooptype,  abstract) VALUES (false, 1, 0, 0,  'infantrysword');
INSERT INTO troop (atwar, level, troopclass, trooptype,  abstract) VALUES (false, 1, 1, 0,  'macemen');
INSERT INTO troop (atwar, level, troopclass, trooptype,  abstract) VALUES (false, 1, 1, 0, 'macemen');
INSERT INTO troop (atwar, level, troopclass, trooptype,  abstract) VALUES (false, 1, 1, 0,  'macemen');
INSERT INTO troop (atwar, level, troopclass, trooptype,  abstract) VALUES (false, 1, 1, 0,  'macemen');
INSERT INTO troop (atwar, level, troopclass, trooptype,  abstract) VALUES (false, 1, 1, 0,  'macemen');
INSERT INTO troop (atwar, level, troopclass, trooptype,  abstract) VALUES (false, 1, 1, 0,  'macemen');
INSERT INTO troop (atwar, level, troopclass, trooptype,  abstract) VALUES (false, 1, 1, 0,  'macemen');
INSERT INTO troop (atwar, level, troopclass, trooptype,  abstract) VALUES (false, 1, 1, 0,  'macemen');
INSERT INTO troop (atwar, level, troopclass, trooptype,  abstract) VALUES (false, 1, 1, 0,  'macemen');
INSERT INTO troop (atwar, level, troopclass, trooptype,  abstract) VALUES (false, 1, 1, 0,  'macemen');
INSERT INTO troop (atwar, level, troopclass, trooptype,  abstract) VALUES (false, 1, 3, 1,  'archers');
INSERT INTO troop (atwar, level, troopclass, trooptype,  abstract) VALUES (false, 1, 3, 1,  'archers');
INSERT INTO troop (atwar, level, troopclass, trooptype,  abstract) VALUES (false, 1, 3, 1,  'archers');
INSERT INTO troop (atwar, level, troopclass, trooptype,  abstract) VALUES (false, 1, 3, 1, 'archers');
INSERT INTO troop (atwar, level, troopclass, trooptype,  abstract) VALUES (false, 1, 3, 1, 'archers');
INSERT INTO troop (atwar, level, troopclass, trooptype,  abstract) VALUES (false, 1, 4, 1,  'crossbowmen');
INSERT INTO troop (atwar, level, troopclass, trooptype,  abstract) VALUES (false, 1, 4, 1,  'crossbowmen');
INSERT INTO troop (atwar, level, troopclass, trooptype,  abstract) VALUES (false, 1, 4, 1,  'crossbowmen');
INSERT INTO troop (atwar, level, troopclass, trooptype,  abstract) VALUES (false, 1, 4, 1,  'crossbowmen');
INSERT INTO troop (atwar, level, troopclass, trooptype,  abstract) VALUES (false, 1, 5, 2,  'rams');
INSERT INTO troop (atwar, level, troopclass, trooptype, abstract) VALUES (false, 1, 5, 2, 'rams');
INSERT INTO troop (atwar, level, troopclass, trooptype,  abstract) VALUES (false, 1, 6, 2,  'trebuchets');

INSERT INTO kingdoms_troops (id, troop_id) VALUES (-3, 1);
INSERT INTO kingdoms_troops (id, troop_id) VALUES (-3, 2);
INSERT INTO kingdoms_troops (id, troop_id) VALUES (-3, 3);
INSERT INTO kingdoms_troops (id, troop_id) VALUES (-3, 4);
INSERT INTO kingdoms_troops (id, troop_id) VALUES (-3, 5);
INSERT INTO kingdoms_troops (id, troop_id) VALUES (-3, 6);
INSERT INTO kingdoms_troops (id, troop_id) VALUES (-3, 7);
INSERT INTO kingdoms_troops (id, troop_id) VALUES (-3, 8);
INSERT INTO kingdoms_troops (id, troop_id) VALUES (-3, 9);
INSERT INTO kingdoms_troops (id, troop_id) VALUES (-3, 10);
INSERT INTO kingdoms_troops (id, troop_id) VALUES (-3, 11);
INSERT INTO kingdoms_troops (id, troop_id) VALUES (-3, 12);
INSERT INTO kingdoms_troops (id, troop_id) VALUES (-3, 13);
INSERT INTO kingdoms_troops (id, troop_id) VALUES (-3, 14);
INSERT INTO kingdoms_troops (id, troop_id) VALUES (-3, 15);
INSERT INTO kingdoms_troops (id, troop_id) VALUES (-3, 16);
INSERT INTO kingdoms_troops (id, troop_id) VALUES (-3, 17);
INSERT INTO kingdoms_troops (id, troop_id) VALUES (-3, 18);
INSERT INTO kingdoms_troops (id, troop_id) VALUES (-3, 19);
INSERT INTO kingdoms_troops (id, troop_id) VALUES (-3, 20);
INSERT INTO kingdoms_troops (id, troop_id) VALUES (-3, 21);
INSERT INTO kingdoms_troops (id, troop_id) VALUES (-3, 22);
INSERT INTO kingdoms_troops (id, troop_id) VALUES (-3, 23);
INSERT INTO kingdoms_troops (id, troop_id) VALUES (-3, 24);
INSERT INTO kingdoms_troops (id, troop_id) VALUES (-3, 25);
INSERT INTO kingdoms_troops (id, troop_id) VALUES (-3, 26);
INSERT INTO kingdoms_troops (id, troop_id) VALUES (-3, 27);


INSERT INTO kingdomstroops (id) VALUES (-2);
INSERT INTO troopclasslevel (level, troopclass, id, kingdomid) VALUES (0, null, -2, -2);

INSERT INTO troopclasslevel_trooplevel (trooplevel, trooplevel_key, troopclasslevel_id) VALUES (1, 4, -2);
INSERT INTO troopclasslevel_trooplevel (trooplevel, trooplevel_key, troopclasslevel_id) VALUES (1, 2, -2);
INSERT INTO troopclasslevel_trooplevel (trooplevel, trooplevel_key, troopclasslevel_id) VALUES (1, 6, -2);
INSERT INTO troopclasslevel_trooplevel (trooplevel, trooplevel_key, troopclasslevel_id) VALUES (1, 3, -2);
INSERT INTO troopclasslevel_trooplevel (trooplevel, trooplevel_key, troopclasslevel_id) VALUES (1, 1, -2);
INSERT INTO troopclasslevel_trooplevel (trooplevel, trooplevel_key, troopclasslevel_id) VALUES (1, 0, -2);
INSERT INTO troopclasslevel_trooplevel (trooplevel, trooplevel_key, troopclasslevel_id) VALUES (1, 5, -2);


INSERT INTO troop (atwar, level, troopclass, trooptype,  abstract) VALUES (false, 1, 2, 0,  'calvary');
INSERT INTO troop (atwar, level, troopclass, trooptype,  abstract) VALUES (false, 1, 2, 0,  'calvary');
INSERT INTO troop (atwar, level, troopclass, trooptype,  abstract) VALUES (false, 1, 0, 0, 'infantrysword');
INSERT INTO troop (atwar, level, troopclass, trooptype,  abstract) VALUES (false, 1, 0, 0,  'infantrysword');
INSERT INTO troop (atwar, level, troopclass, trooptype,  abstract) VALUES (false, 1, 1, 0,  'macemen');
INSERT INTO troop (atwar, level, troopclass, trooptype,  abstract) VALUES (false, 1, 1, 0, 'macemen');
INSERT INTO troop (atwar, level, troopclass, trooptype,  abstract) VALUES (false, 1, 1, 0,  'macemen');
INSERT INTO troop (atwar, level, troopclass, trooptype,  abstract) VALUES (false, 1, 1, 0,  'macemen');
INSERT INTO troop (atwar, level, troopclass, trooptype,  abstract) VALUES (false, 1, 1, 0,  'macemen');
INSERT INTO troop (atwar, level, troopclass, trooptype,  abstract) VALUES (false, 1, 3, 1,  'archers');
INSERT INTO troop (atwar, level, troopclass, trooptype,  abstract) VALUES (false, 1, 3, 1,  'archers');
INSERT INTO troop (atwar, level, troopclass, trooptype,  abstract) VALUES (false, 1, 3, 1, 'archers');
INSERT INTO troop (atwar, level, troopclass, trooptype,  abstract) VALUES (false, 1, 3, 1, 'archers');
INSERT INTO troop (atwar, level, troopclass, trooptype,  abstract) VALUES (false, 1, 4, 1,  'crossbowmen');
INSERT INTO troop (atwar, level, troopclass, trooptype,  abstract) VALUES (false, 1, 5, 2,  'rams');
INSERT INTO troop (atwar, level, troopclass, trooptype, abstract) VALUES (false, 1, 5, 2, 'rams');
INSERT INTO troop (atwar, level, troopclass, trooptype,  abstract) VALUES (false, 1, 6, 2,  'trebuchets');

INSERT INTO kingdoms_troops (id, troop_id) VALUES (-2, 28);
INSERT INTO kingdoms_troops (id, troop_id) VALUES (-2, 29);
INSERT INTO kingdoms_troops (id, troop_id) VALUES (-2, 30);
INSERT INTO kingdoms_troops (id, troop_id) VALUES (-2, 31);
INSERT INTO kingdoms_troops (id, troop_id) VALUES (-2, 32);
INSERT INTO kingdoms_troops (id, troop_id) VALUES (-2, 33);
INSERT INTO kingdoms_troops (id, troop_id) VALUES (-2, 34);
INSERT INTO kingdoms_troops (id, troop_id) VALUES (-2, 35);
INSERT INTO kingdoms_troops (id, troop_id) VALUES (-2, 36);
INSERT INTO kingdoms_troops (id, troop_id) VALUES (-2, 37);
INSERT INTO kingdoms_troops (id, troop_id) VALUES (-2, 38);
INSERT INTO kingdoms_troops (id, troop_id) VALUES (-2, 39);
INSERT INTO kingdoms_troops (id, troop_id) VALUES (-2, 40);
INSERT INTO kingdoms_troops (id, troop_id) VALUES (-2, 41);
INSERT INTO kingdoms_troops (id, troop_id) VALUES (-2, 42);
INSERT INTO kingdoms_troops (id, troop_id) VALUES (-2, 43);
INSERT INTO kingdoms_troops (id, troop_id) VALUES (-2, 44);


INSERT INTO kingdomstroops (id) VALUES (-1);
INSERT INTO troopclasslevel (level, troopclass, id, kingdomid) VALUES (0, null, -1, -1);

INSERT INTO troopclasslevel_trooplevel (trooplevel, trooplevel_key, troopclasslevel_id) VALUES (1, 4, -1);
INSERT INTO troopclasslevel_trooplevel (trooplevel, trooplevel_key, troopclasslevel_id) VALUES (1, 2, -1);
INSERT INTO troopclasslevel_trooplevel (trooplevel, trooplevel_key, troopclasslevel_id) VALUES (1, 6, -1);
INSERT INTO troopclasslevel_trooplevel (trooplevel, trooplevel_key, troopclasslevel_id) VALUES (1, 3, -1);
INSERT INTO troopclasslevel_trooplevel (trooplevel, trooplevel_key, troopclasslevel_id) VALUES (1, 1, -1);
INSERT INTO troopclasslevel_trooplevel (trooplevel, trooplevel_key, troopclasslevel_id) VALUES (1, 0, -1);
INSERT INTO troopclasslevel_trooplevel (trooplevel, trooplevel_key, troopclasslevel_id) VALUES (1, 5, -1);


INSERT INTO troop (atwar, level, troopclass, trooptype,  abstract) VALUES (false, 1, 2, 0,  'calvary');
INSERT INTO troop (atwar, level, troopclass, trooptype,  abstract) VALUES (false, 1, 0, 0, 'infantrysword');
INSERT INTO troop (atwar, level, troopclass, trooptype,  abstract) VALUES (false, 1, 1, 0,  'macemen');
INSERT INTO troop (atwar, level, troopclass, trooptype,  abstract) VALUES (false, 1, 3, 1,  'archers');
INSERT INTO troop (atwar, level, troopclass, trooptype,  abstract) VALUES (false, 1, 4, 1,  'crossbowmen');
INSERT INTO troop (atwar, level, troopclass, trooptype, abstract) VALUES (false, 1, 5, 2, 'rams');
INSERT INTO troop (atwar, level, troopclass, trooptype,  abstract) VALUES (false, 1, 6, 2,  'trebuchets');

INSERT INTO kingdoms_troops (id, troop_id) VALUES (-1, 45);
INSERT INTO kingdoms_troops (id, troop_id) VALUES (-1, 46);
INSERT INTO kingdoms_troops (id, troop_id) VALUES (-1, 47);
INSERT INTO kingdoms_troops (id, troop_id) VALUES (-1, 48);
INSERT INTO kingdoms_troops (id, troop_id) VALUES (-1, 49);
INSERT INTO kingdoms_troops (id, troop_id) VALUES (-1, 50);
INSERT INTO kingdoms_troops (id, troop_id) VALUES (-1, 51);