INSERT INTO foundation(gold, id, iron, kingdomid, wood) VALUES (500,-3,850,-3,1200);
INSERT INTO resourceproducer (level, perminutebase, produce, producemultiplier, id, producer) VALUES (0, 60, 0, 2.3, -12, 'LUMBER');
INSERT INTO resourceproducer (level, perminutebase, produce, producemultiplier, id, producer) VALUES (0, 60, 0, 2.3, -11, 'LUMBER');
INSERT INTO resourceproducer (level, perminutebase, produce, producemultiplier, id, producer) VALUES (0, 45, 1, 2, -10, 'IRON');
INSERT INTO resourceproducer (level, perminutebase, produce, producemultiplier, id, producer) VALUES (0, 30, 2, 1.4, -9, 'GOLD');
INSERT INTO defence (armor, health, level, id, defence) VALUES (20, 140, 1, -8,  'WALL');
INSERT INTO defence (armor, health, level,id,  defence) VALUES (15, 60, 1, -7, 'ARCHER_TOWER');
INSERT INTO defences (defence_id, id) VALUES (-8, -3);
INSERT INTO defences (defence_id, id) VALUES (-7, -3);
INSERT INTO producers (id, producer_id) VALUES (-3, -12);
INSERT INTO producers (id, producer_id) VALUES (-3, -11);
INSERT INTO producers (id, producer_id) VALUES (-3, -10);
INSERT INTO producers (id, producer_id) VALUES (-3, -9);

INSERT INTO foundation(gold, id, iron, kingdomid, wood) VALUES (500,-2,850,-2,1200);
INSERT INTO resourceproducer (level, perminutebase, produce, producemultiplier, id, producer) VALUES (0, 60, 0, 2.3, -8, 'LUMBER');
INSERT INTO resourceproducer (level, perminutebase, produce, producemultiplier, id, producer) VALUES (0, 60, 0, 2.3, -7, 'LUMBER');
INSERT INTO resourceproducer (level, perminutebase, produce, producemultiplier, id, producer) VALUES (0, 45, 1, 2, -6, 'IRON');
INSERT INTO resourceproducer (level, perminutebase, produce, producemultiplier, id, producer) VALUES (0, 30, 2, 1.4, -5, 'GOLD');
INSERT INTO defence (armor, health, level, id, defence) VALUES (20, 140, 1, -6,  'WALL');
INSERT INTO defence (armor, health, level,id,  defence) VALUES (15, 60, 1, -5, 'ARCHER_TOWER');
INSERT INTO defences (defence_id, id) VALUES (-6, -2);
INSERT INTO defences (defence_id, id) VALUES (-5, -2);
INSERT INTO producers (id, producer_id) VALUES (-2, -8);
INSERT INTO producers (id, producer_id) VALUES (-2, -7);
INSERT INTO producers (id, producer_id) VALUES (-2, -6);
INSERT INTO producers (id, producer_id) VALUES (-2, -5);

INSERT INTO foundation(gold, id, iron, kingdomid, wood) VALUES (500,-1,850,-1,1200);
INSERT INTO resourceproducer (level, perminutebase, produce, producemultiplier, id, producer) VALUES (0, 60, 0, 2.3, -4, 'LUMBER');
INSERT INTO resourceproducer (level, perminutebase, produce, producemultiplier, id, producer) VALUES (0, 60, 0, 2.3, -3, 'LUMBER');
INSERT INTO resourceproducer (level, perminutebase, produce, producemultiplier, id, producer) VALUES (0, 45, 1, 2, -2, 'IRON');
INSERT INTO resourceproducer (level, perminutebase, produce, producemultiplier, id, producer) VALUES (0, 30, 2, 1.4, -1, 'GOLD');
INSERT INTO defence (armor, health, level, id, defence) VALUES (20, 140, 1, -4,  'WALL');
INSERT INTO defence (armor, health, level,id,  defence) VALUES (15, 60, 1, -3, 'ARCHER_TOWER');
INSERT INTO defences (defence_id, id) VALUES (-4, -1);
INSERT INTO defences (defence_id, id) VALUES (-3, -1);
INSERT INTO producers (id, producer_id) VALUES (-1, -4);
INSERT INTO producers (id, producer_id) VALUES (-1, -3);
INSERT INTO producers (id, producer_id) VALUES (-1, -2);
INSERT INTO producers (id, producer_id) VALUES (-1, -1);
